startup,maker,headline
Reddit Fast,https://x.com/arthuryuzbashew,"Market your SaaS to get more sales, with no stress."
ArbiChat,https://x.com/paletmiki,"Stop losing money gambling, start investing"
Disco,https://x.com/omotnyk,Bring Discord functionality into HubSpot in a few clicks
Zenvoice,https://x.com/marc_louvion,Stop paying 0.4% for Stripe invoices
ByeDispute,https://x.com/marc_louvion,Don't let a dispute get you banned from Stripe
Gridwow,https://x.com/joanboschpons,Craft Stunning Grids. Showcase Rich and Beautiful.
mychildartbook,https://x.com/_nonthakon,The Adventure of ____: Bravery Hands of the Harmony Land
Architecture Awards Tracker,https://x.com/chungaoutdoor,Attract high-end clients through architecture awards
SubmitSites,https://x.com/iamfra5er,"Submit Your Startup to 100+ Directories. Attract early adopters, increase traffic and build backl..."
Bitycips,https://x.com/shibley,Create Stunning Videos Instantly with a Single Prompt.
